Time,channel,V RMS,C RMS,V MOM,C MOM,V FUND,C FUND,V PERIOD,C PHASE SH,V SAG TIME,V SWELL TIME,C SWELL TIME,EN_ACT,EN_REACT,EN_APP,POW_ACT,POW_REACT,POW_APP,AHACC
1,1,993,253,250,187,240,198,0,20000,0,0,0,0,0,0,164,-3,251,0
1,2,1029,231,249,161,-233,174,0,20000,0,0,0,0,0,0,156,-3,238,0
2,1,496,130,-149,88,-105,97,0,20000,0,0,0,0,0,0,42,-3,68,0
2,2,532,122,-195,104,-98,96,0,20000,0,0,0,0,0,0,40,-2,65,0
3,1,177,53,211,45,148,38,0,20000,0,0,0,0,0,0,5,-3,10,0
3,2,212,47,210,46,160,34,0,20000,0,0,0,0,0,0,5,-3,8,0
4,1,70,23,58,13,49,15,0,20000,0,0,0,0,0,0,1,-2,1,0
4,2,70,21,90,0,60,18,0,20000,0,0,0,0,0,0,0,-2,1,0
5,1,35,13,43,9,21,5,0,20000,0,0,0,0,0,0,0,-2,0,0
5,2,35,11,34,20,28,5,0,20000,0,0,0,0,0,0,0,-2,0,0
6,1,35,9,-43,36,21,6,365,11968,0,0,0,0,0,0,-2,0,0,0
6,2,35,9,55,12,22,6,175,14832,0,0,0,0,0,0,-2,-2,0,0
7,1,35,9,106,14,-27,5,94,10344,0,0,0,0,0,0,-2,-2,0,0
7,2,35,11,-25,3,3,1,157,11392,0,0,0,0,0,0,-2,-2,0,0
1,1,1241,316,-4,239,-50,246,0,20000,0,0,0,0,0,0,269,-4,393,0
1,2,1277,290,37,219,-13,225,0,20000,0,0,0,0,0,0,253,-4,376,0
2,1,496,132,-138,93,-106,101,0,20000,0,0,0,0,0,0,42,-3,67,0
2,2,532,120,-115,98,-96,91,0,20000,0,0,0,0,0,0,40,-3,62,0
3,1,212,51,233,62,166,39,0,20000,0,0,0,0,0,0,5,-2,10,0
3,2,212,47,181,20,155,35,0,20000,0,0,0,0,0,0,5,-3,10,0
4,1,70,23,58,17,62,18,0,20000,0,0,0,0,0,0,1,-2,1,0
4,2,70,21,56,17,52,15,0,20000,0,0,0,0,0,0,0,-2,1,0
5,1,35,11,78,1,20,4,0,20000,0,0,0,0,0,0,-2,-3,0,0
5,2,35,13,61,0,23,3,0,20000,0,0,0,0,0,0,0,-3,0,0
6,1,35,11,-86,23,21,4,41,15672,0,0,0,0,0,0,-2,-2,0,0
6,2,35,9,-76,6,14,5,464,18072,0,0,0,0,0,0,0,-2,0,0
7,1,35,9,34,23,16,0,6,10256,0,0,0,0,0,0,0,-2,0,0
7,2,35,9,-60,6,9,23,207,10456,0,0,0,0,0,0,-2,-2,0,0
8,1,35,9,20,11,4,0,174,8040,0,0,0,0,0,0,-2,-2,0,0
8,2,35,9,13,22,2,0,61,10192,0,0,0,0,0,0,0,-2,0,0
9,1,35,9,-28,15,-29,22,317,12688,0,0,0,0,0,0,0,-2,0,0
9,2,35,11,2,23,12,3,340,9912,0,0,0,0,0,0,0,-2,0,0
10,1,35,9,-41,3,12,23,17,8968,0,0,0,0,0,0,0,-2,0,0
10,2,35,9,69,14,16,2,243,13768,0,0,0,0,0,0,0,-2,0,0
11,1,35,9,48,19,2,23,90,14424,0,0,0,0,0,0,-2,-2,0,0
11,2,35,9,-40,10,2,3,133,11440,0,0,0,0,0,0,-2,-2,0,0
12,1,35,11,44,23,9,23,139,11496,0,0,0,0,0,0,0,-2,0,0
12,2,35,11,43,5,19,21,20,13832,0,0,0,0,0,0,-2,-2,0,0
13,1,35,9,46,1,14,0,228,11632,0,0,0,0,0,0,0,-2,0,0
13,2,35,838,-63,-98,34,-109,374,12096,0,0,0,0,0,0,-3,-2,37,0
14,1,35,9,-51,8,-34,20,911,9064,0,0,0,0,0,0,-2,0,0,0
14,2,35,836,-25,-77,6,-243,187,13112,0,0,0,0,0,0,2,-3,37,0
15,1,35,9,25,1,7,23,784,13432,0,0,0,0,0,0,-2,-2,0,0
15,2,35,838,-104,-36,-37,92,114,14552,0,0,0,0,0,0,1,-2,37,0
16,1,35,9,31,-7,4,2,63,11768,0,0,0,0,0,0,0,-2,0,0
16,2,35,836,19,41,-28,32,392,11808,0,0,0,0,0,0,0,-2,37,0
17,1,35,9,-31,8,14,3,254,9504,0,0,0,0,0,0,0,-2,0,0
17,2,35,836,66,199,1,-73,447,13560,0,0,0,0,0,0,2,-3,41,0
18,1,35,9,12,16,0,23,128,13848,0,0,0,0,0,0,-2,-2,0,0
18,2,35,836,22,-244,6,-102,182,13464,0,0,0,0,0,0,-3,-4,37,0
19,1,35,9,-58,19,2,22,127,9344,0,0,0,0,0,0,-2,-2,0,0
19,2,35,836,32,-3,5,-130,230,10968,0,0,0,0,0,0,-4,0,35,0
20,1,35,11,-41,3,5,4,310,14064,0,0,0,0,0,0,0,-2,0,0
20,2,35,836,-48,97,0,-123,54,14128,0,0,0,0,0,0,0,-2,37,0
21,1,35,9,-113,2,2,2,122,12584,0,0,0,0,0,0,0,-2,0,0
21,2,35,838,-39,-197,8,-78,204,13408,0,0,0,0,0,0,-4,-3,37,0
22,1,35,9,-26,16,-41,0,223,9688,0,0,0,0,0,0,-2,-2,0,0
22,2,35,834,19,-31,3,-16,392,12000,0,0,0,0,0,0,-4,-3,37,0
23,1,35,9,27,19,4,21,117,10040,0,0,0,0,0,0,0,-3,0,0
23,2,35,836,3,164,-37,84,9,9912,0,0,0,0,0,0,0,0,37,0
24,1,35,9,8,20,2,0,60,16064,0,0,0,0,0,0,0,-2,0,0
24,2,35,836,66,-121,2,224,26,13928,0,0,0,0,0,0,0,-3,35,0
25,1,35,9,39,8,14,0,228,17584,0,0,0,0,0,0,0,-2,0,0
25,2,35,836,4,72,1,-156,96,13352,0,0,0,0,0,0,-6,-2,35,0
26,1,35,9,-30,20,-35,3,329,11520,0,0,0,0,0,0,-2,-2,0,0
26,2,35,834,23,242,17,26,540,9488,0,0,0,0,0,0,0,-3,37,0
27,1,35,9,77,17,-30,1,351,12400,0,0,0,0,0,0,-2,-2,0,0
27,2,35,836,-44,-142,1,185,73,12832,0,0,0,0,0,0,1,-3,37,0
28,1,35,9,49,0,11,1,64,16944,0,0,0,0,0,0,0,0,0,0
28,2,35,836,15,-42,3,-116,157,14752,0,0,0,0,0,0,-3,-4,35,0
29,1,35,9,17,13,16,23,87,13152,0,0,0,0,0,0,0,-2,0,0
29,2,35,836,28,60,-27,69,119,10840,0,0,0,0,0,0,0,-2,33,0
30,1,35,9,12,2,0,23,109,12584,0,0,0,0,0,0,-2,-2,0,0
30,2,35,836,32,123,-28,-225,463,13616,0,0,0,0,0,0,3,-3,37,0
31,1,35,11,-119,20,11,1,490,14976,0,0,0,0,0,0,0,-2,0,0
31,2,35,834,-45,117,-33,-69,185,10888,0,0,0,0,0,0,-3,-2,33,0
32,1,35,9,0,1,18,23,49,9664,0,0,0,0,0,0,0,-2,0,0
32,2,35,834,23,109,-29,121,161,10016,0,0,0,0,0,0,2,0,41,0
33,1,35,9,-53,12,-35,0,69,9552,0,0,0,0,0,0,-2,-2,0,0
33,2,35,836,-55,119,-29,-250,196,9840,0,0,0,0,0,0,-2,-3,33,0
34,1,35,9,107,15,-27,3,192,14112,0,0,0,0,0,0,-2,-2,0,0
34,2,35,836,72,71,11,-77,316,15384,0,0,0,0,0,0,-2,-2,37,0
35,1,35,11,-138,19,-25,20,29,10936,0,0,0,0,0,0,-2,-2,0,0
35,2,35,834,-149,10,-26,-12,388,8312,0,0,0,0,0,0,0,1,37,0
36,1,35,9,-28,21,15,1,2,13472,0,0,0,0,0,0,-2,-2,0,0
36,2,35,834,-43,-165,10,91,139,10136,0,0,0,0,0,0,1,1,35,0
37,1,35,11,-45,18,13,3,145,11432,0,0,0,0,0,0,0,-2,0,0
37,2,35,834,11,245,0,124,240,10240,0,0,0,0,0,0,0,0,35,0
38,1,35,9,4,12,11,22,163,10672,0,0,0,0,0,0,-2,-2,0,0
38,2,35,834,-72,-4,-28,151,404,13808,0,0,0,0,0,0,0,-3,35,0
39,1,35,11,35,0,17,20,510,12480,0,0,0,0,0,0,-2,-2,0,0
39,2,35,834,116,-118,8,137,34,16296,0,0,0,0,0,0,3,0,35,0
40,1,35,9,46,8,6,22,16,13280,0,0,0,0,0,0,0,-2,0,0
40,2,35,834,-47,234,13,116,435,11576,0,0,0,0,0,0,2,-3,35,0
41,1,35,11,-50,22,9,20,190,9480,0,0,0,0,0,0,-2,-2,0,0
41,2,35,834,-91,11,8,19,116,10168,0,0,0,0,0,0,-2,-2,35,0
42,1,35,9,11,19,-37,2,4,10256,0,0,0,0,0,0,-2,-2,0,0
42,2,35,834,-87,-137,4,-67,54,13808,0,0,0,0,0,0,2,-6,35,0
43,1,35,9,54,14,3,21,5,16592,0,0,0,0,0,0,0,-2,0,0
43,2,35,834,102,138,-31,-215,206,10944,0,0,0,0,0,0,-2,0,35,0
44,1,35,9,-40,13,8,23,83,13408,0,0,0,0,0,0,0,-2,0,0
44,2,35,834,-118,-64,-25,124,353,13408,0,0,0,0,0,0,-3,-4,35,0
45,1,35,9,3,18,9,2,141,13992,0,0,0,0,0,0,0,-2,0,0
45,2,35,831,14,-216,3,-36,44,10208,0,0,0,0,0,0,0,-2,35,0
46,1,35,9,-70,23,-25,23,8,10256,0,0,0,0,0,0,0,-2,0,0
46,2,35,831,-64,108,5,-256,357,12776,0,0,0,0,0,0,1,-5,39,0
47,1,35,9,62,10,6,2,1140,7696,0,0,0,0,0,0,0,-2,0,0
47,2,35,831,-46,12,3,71,221,14496,0,0,0,0,0,0,1,-5,40,0
48,1,35,9,-30,12,20,21,37,13200,0,0,0,0,0,0,-2,-2,0,0
48,2,35,834,60,-81,21,-148,84,12896,0,0,0,0,0,0,0,0,35,0
49,1,35,9,-74,8,-31,0,398,9464,0,0,0,0,0,0,0,-2,0,0
49,2,35,834,-35,-90,8,130,278,10480,0,0,0,0,0,0,-2,-3,35,0
50,1,35,9,-96,16,7,21,256,12944,0,0,0,0,0,0,-2,-2,0,0
50,2,35,834,-95,-78,1,-52,283,10712,0,0,0,0,0,0,-3,-4,35,0
51,1,35,9,37,14,5,2,230,8312,0,0,0,0,0,0,-2,-2,0,0
51,2,35,834,-125,-92,10,230,78,13976,0,0,0,0,0,0,2,1,35,0
52,1,35,9,-54,2,-27,2,198,10464,0,0,0,0,0,0,0,-2,0,0
52,2,35,836,62,-31,-27,98,109,12128,0,0,0,0,0,0,1,-3,41,0
53,1,35,11,151,4,-26,23,183,11896,0,0,0,0,0,0,0,-2,0,0
53,2,35,836,75,114,8,-47,597,15736,0,0,0,0,0,0,-2,-2,37,0
54,1,35,9,39,11,3,0,149,14224,0,0,0,0,0,0,0,-2,0,0
54,2,35,836,44,241,-33,-88,125,11800,0,0,0,0,0,0,-3,-2,37,0
55,1,35,9,98,19,19,23,30,12928,0,0,0,0,0,0,-2,-2,0,0
55,2,35,836,49,-24,16,-130,76,8488,0,0,0,0,0,0,0,-2,37,0
56,1,35,9,-26,2,9,2,37,12288,0,0,0,0,0,0,-2,-2,0,0
56,2,35,834,-91,83,14,-124,287,12528,0,0,0,0,0,0,-3,-4,39,0
57,1,35,9,-36,8,-31,1,197,15856,0,0,0,0,0,0,0,-2,0,0
57,2,35,836,-27,-154,3,-71,51,10688,0,0,0,0,0,0,-2,0,35,0
58,1,35,9,-66,12,1,4,479,11176,0,0,0,0,0,0,0,-2,0,0
58,2,35,836,-38,-24,-36,-19,136,12184,0,0,0,0,0,0,0,-2,37,0
59,1,35,9,23,8,13,0,152,13680,0,0,0,0,0,0,0,-2,0,0
59,2,35,836,-43,187,6,96,390,12488,0,0,0,0,0,0,-3,-4,37,0
60,1,35,9,1,17,9,20,223,12864,0,0,0,0,0,0,0,-2,0,0
60,2,35,836,58,-144,14,221,122,11608,0,0,0,0,0,0,2,0,33,0
61,1,35,9,-49,23,1,0,172,8888,0,0,0,0,0,0,0,-2,0,0
61,2,35,836,-35,80,9,-103,395,14416,0,0,0,0,0,0,-2,-4,35,0
62,1,35,11,-47,15,6,22,50,10584,0,0,0,0,0,0,0,-2,0,0
62,2,35,836,-84,-214,-45,111,181,15056,0,0,0,0,0,0,-3,-4,37,0
63,1,35,9,45,23,26,0,40,7920,0,0,0,0,0,0,-2,0,0,0
63,2,35,836,1,-93,11,-210,7,9048,0,0,0,0,0,0,-4,-3,37,0
64,1,35,9,52,21,5,0,8,11944,0,0,0,0,0,0,0,-2,0,0
64,2,35,834,11,54,20,8,438,8736,0,0,0,0,0,0,-7,-3,37,0
65,1,35,9,-117,20,3,1,58,9008,0,0,0,0,0,0,-2,0,0,0
65,2,35,836,-50,116,-26,203,100,14800,0,0,0,0,0,0,-4,-2,37,0
66,1,35,9,63,21,14,2,27,18856,0,0,0,0,0,0,0,-2,0,0
66,2,35,836,55,128,6,-68,421,11976,0,0,0,0,0,0,0,-4,37,0
67,1,35,9,-62,7,14,3,844,8376,0,0,0,0,0,0,0,-2,0,0
67,2,35,836,73,119,10,166,151,15792,0,0,0,0,0,0,1,-3,37,0
68,1,35,9,-62,17,-30,0,113,9448,0,0,0,0,0,0,0,-2,0,0
68,2,35,836,-62,121,-27,-183,439,12200,0,0,0,0,0,0,-2,-3,32,0
69,1,35,9,21,21,0,2,432,11296,0,0,0,0,0,0,-2,-2,0,0
69,2,35,836,15,-4,-37,-24,302,9304,0,0,0,0,0,0,-2,-2,39,0
70,1,35,11,23,22,12,1,129,13176,0,0,0,0,0,0,-2,-2,0,0
70,2,35,838,14,-140,-35,90,103,12424,0,0,0,0,0,0,-4,-2,41,0
71,1,35,11,35,13,2,3,237,10248,0,0,0,0,0,0,0,-2,0,0
71,2,35,836,28,188,-36,142,104,14384,0,0,0,0,0,0,-2,-5,37,0
72,1,35,9,19,19,15,1,5,12680,0,0,0,0,0,0,0,-2,0,0
72,2,35,836,-53,-34,18,155,69,10264,0,0,0,0,0,0,4,0,37,0
73,1,35,9,-41,16,14,23,137,10856,0,0,0,0,0,0,-2,-2,0,0
73,2,35,836,-93,-247,-37,118,141,10088,0,0,0,0,0,0,0,1,37,0
74,1,35,9,17,15,-30,18,14,12960,0,0,0,0,0,0,-2,-2,0,0
74,2,35,836,20,-19,18,0,228,10728,0,0,0,0,0,0,0,0,37,0
75,1,35,11,-105,8,0,23,3,14024,0,0,0,0,0,0,0,-2,0,0
75,2,35,836,24,-206,16,-96,152,13776,0,0,0,0,0,0,2,0,37,0
76,1,35,9,-25,7,-28,1,160,8528,0,0,0,0,0,0,-2,0,0,0
76,2,35,838,-101,-63,10,145,184,10192,0,0,0,0,0,0,1,-2,37,0
77,1,35,421,56,60,28,-193,44,14096,0,0,0,0,0,0,0,0,17,0
77,2,35,836,-32,-198,-29,-15,200,14152,0,0,0,0,0,0,1,-3,37,0
78,1,35,421,-91,69,6,-91,65,10792,0,0,0,0,0,0,-2,-2,17,0
78,2,35,838,-75,124,-30,-230,187,17320,0,0,0,0,0,0,-3,-4,37,0
79,1,35,421,54,28,-25,-4,11,13952,0,0,0,0,0,0,-3,-2,17,0
79,2,35,836,55,-25,-28,3,332,11808,0,0,0,0,0,0,4,-3,37,0
80,1,35,421,37,-65,-27,46,8,10400,0,0,0,0,0,0,0,-3,17,0
80,2,35,836,66,-45,-34,-195,137,10208,0,0,0,0,0,0,-5,-3,37,0
81,1,35,423,13,-168,-29,79,43,12240,0,0,0,0,0,0,0,-2,17,0
81,2,35,836,-42,-99,9,47,100,12200,0,0,0,0,0,0,-2,-4,37,0
82,1,35,421,-60,216,7,81,175,12192,0,0,0,0,0,0,-3,0,17,0
82,2,35,836,-77,-100,1,-195,85,10536,0,0,0,0,0,0,-3,0,37,0
83,1,35,423,-143,110,-25,59,128,12312,0,0,0,0,0,0,-2,0,17,0
83,2,35,834,-78,-76,10,147,42,9784,0,0,0,0,0,0,1,-2,37,0
84,1,35,421,-145,-22,17,1,20,13800,0,0,0,0,0,0,1,-2,16,0
84,2,35,834,-66,68,8,-2,305,12184,0,0,0,0,0,0,-3,-2,37,0
85,1,35,421,26,-109,12,-63,477,14216,0,0,0,0,0,0,1,-2,17,0
85,2,35,834,-64,237,8,-81,318,13552,0,0,0,0,0,0,-2,-5,37,0
86,1,35,421,-95,-243,-25,-163,167,15304,0,0,0,0,0,0,-3,-2,17,0
86,2,35,836,35,-72,12,-128,37,11112,0,0,0,0,0,0,-3,-4,37,0
87,1,35,423,15,140,9,233,41,12192,0,0,0,0,0,0,0,-3,20,0
87,2,35,836,26,177,-39,-114,100,11128,0,0,0,0,0,0,-4,-3,37,0
88,1,35,421,-46,68,6,127,247,12336,0,0,0,0,0,0,-3,-2,17,0
88,2,35,836,-74,-118,7,-55,242,9072,0,0,0,0,0,0,-2,-2,37,0
89,1,35,423,76,-28,6,-1,58,10784,0,0,0,0,0,0,0,-2,20,0
89,2,35,834,0,163,-36,87,39,10328,0,0,0,0,0,0,-2,-3,37,0
90,1,35,421,34,-42,20,-87,148,10792,0,0,0,0,0,0,1,-2,17,0
90,2,35,836,31,-190,7,186,612,11776,0,0,0,0,0,0,-4,-3,31,0
91,1,35,421,88,-35,-25,-242,237,12368,0,0,0,0,0,0,-3,-2,17,0
91,2,35,836,29,99,-37,-101,201,12000,0,0,0,0,0,0,-3,0,39,0
92,1,35,421,-45,-50,5,178,213,13560,0,0,0,0,0,0,-2,-2,17,0
92,2,35,832,6,-232,6,89,229,11720,0,0,0,0,0,0,-2,-3,31,0
93,1,35,423,81,-45,-25,64,49,8400,0,0,0,0,0,0,-2,-2,16,0
93,2,35,832,-52,-40,12,-129,554,9832,0,0,0,0,0,0,-2,0,35,0
94,1,35,421,-76,18,22,23,222,15304,0,0,0,0,0,0,-3,-2,17,0
94,2,35,834,-38,70,11,10,114,11056,0,0,0,0,0,0,-3,0,35,0
95,1,35,423,-96,102,11,-22,95,12640,0,0,0,0,0,0,0,-2,20,0
95,2,35,836,77,93,-32,211,2,14112,0,0,0,0,0,0,-2,-2,41,0
96,1,35,423,-39,190,-37,-50,10,10864,0,0,0,0,0,0,0,-2,17,0
96,2,35,836,26,107,3,-58,6,9360,0,0,0,0,0,0,-4,-2,35,0
97,1,35,423,0,-226,11,-58,536,10056,0,0,0,0,0,0,-2,-3,17,0
97,2,35,834,-38,135,5,157,636,12904,0,0,0,0,0,0,0,-3,35,0
98,1,35,421,-66,-144,7,-46,87,11872,0,0,0,0,0,0,-2,-2,17,0
98,2,35,836,-39,115,-38,-201,375,12672,0,0,0,0,0,0,0,-5,35,0
99,1,35,423,-27,-13,25,-8,234,8416,0,0,0,0,0,0,-2,-2,17,0
99,2,35,834,-59,56,4,-47,97,12752,0,0,0,0,0,0,-2,-4,35,0
100,1,35,423,68,43,24,30,418,12880,0,0,0,0,0,0,-4,-2,16,0
100,2,35,834,-77,-31,-25,39,277,13816,0,0,0,0,0,0,-4,0,35,0
101,1,35,421,-46,172,1,103,58,13704,0,0,0,0,0,0,-4,-2,17,0
101,2,35,836,-57,-231,26,117,12,9632,0,0,0,0,0,0,2,-2,37,0
102,1,35,421,85,-223,9,186,161,9136,0,0,0,0,0,0,-2,0,17,0
102,2,35,836,18,94,31,152,176,13272,0,0,0,0,0,0,-3,0,37,0
103,1,35,421,8,-175,-27,-252,77,17400,0,0,0,0,0,0,-2,-2,17,0
103,2,35,836,13,-62,14,150,116,11872,0,0,0,0,0,0,1,-2,37,0
104,1,35,421,-57,-63,4,-150,678,13384,0,0,0,0,0,0,-3,0,17,0
104,2,35,834,-51,-254,21,109,435,13864,0,0,0,0,0,0,2,0,35,0
105,1,35,421,1,-10,-32,-70,351,16376,0,0,0,0,0,0,-2,-2,17,0
105,2,35,834,32,97,3,58,452,10688,0,0,0,0,0,0,-3,-3,37,0
106,1,35,421,50,58,-26,33,136,11280,0,0,0,0,0,0,-3,-2,17,0
106,2,35,834,53,-141,-29,-68,175,14328,0,0,0,0,0,0,-2,0,37,0
107,1,35,421,-45,63,-28,115,442,9144,0,0,0,0,0,0,-4,-2,17,0
107,2,35,834,10,205,-29,-164,14,13240,0,0,0,0,0,0,2,0,35,0
108,1,35,421,-51,71,-29,219,76,13624,0,0,0,0,0,0,-2,-2,17,0
108,2,35,836,92,33,12,197,188,13104,0,0,0,0,0,0,1,0,35,0
109,1,35,421,-62,49,21,-227,240,10536,0,0,0,0,0,0,0,-2,17,0
109,2,35,834,14,-118,3,81,229,9720,0,0,0,0,0,0,-3,-3,35,0
110,1,35,421,-67,56,-40,-125,105,13912,0,0,0,0,0,0,0,0,17,0
110,2,35,834,-85,183,5,-131,494,11608,0,0,0,0,0,0,-3,-3,41,0
111,1,35,423,36,49,-35,-92,87,12712,0,0,0,0,0,0,0,0,17,0
111,2,35,836,44,147,0,-218,98,10544,0,0,0,0,0,0,0,-3,35,0
112,1,35,423,15,55,1,-15,340,11200,0,0,0,0,0,0,-2,-2,17,0
112,2,35,836,76,-1,-32,63,303,10264,0,0,0,0,0,0,1,0,37,0
113,1,35,421,40,-2,22,8,330,11888,0,0,0,0,0,0,-2,-2,17,0
113,2,35,834,32,-18,8,-9,188,11272,0,0,0,0,0,0,2,-3,37,0
114,1,35,421,27,-91,20,53,125,8600,0,0,0,0,0,0,1,0,17,0
114,2,35,836,-67,-87,-29,-230,183,13720,0,0,0,0,0,0,-3,-2,37,0
115,1,35,421,-28,-138,14,69,412,9528,0,0,0,0,0,0,-3,-2,17,0
115,2,35,834,32,-84,11,165,203,11424,0,0,0,0,0,0,-4,-3,35,0
116,1,35,421,4,-189,-34,80,154,11328,0,0,0,0,0,0,-2,0,17,0
116,2,35,834,39,-76,7,48,546,16408,0,0,0,0,0,0,1,-3,37,0
117,1,35,421,-30,-256,3,80,122,15728,0,0,0,0,0,0,-2,-2,17,0
117,2,35,836,38,-101,2,-97,368,12560,0,0,0,0,0,0,1,-4,35,0
118,1,35,421,-71,207,35,79,96,15776,0,0,0,0,0,0,0,-2,17,0
118,2,35,834,-41,-86,-29,-200,807,11176,0,0,0,0,0,0,-2,-2,35,0
119,1,35,421,-54,113,5,63,149,11904,0,0,0,0,0,0,-2,-2,16,0
119,2,35,834,9,-73,16,187,1,12744,0,0,0,0,0,0,0,-2,35,0
120,1,35,421,38,62,12,40,3,13056,0,0,0,0,0,0,0,0,17,0
120,2,35,836,79,-31,-26,91,19,11752,0,0,0,0,0,0,2,-4,37,0
121,1,35,421,49,21,18,20,54,13304,0,0,0,0,0,0,2,-2,17,0
121,2,35,834,46,45,-26,38,280,15680,0,0,0,0,0,0,-2,-2,35,0
122,1,35,421,20,-33,-34,-16,252,13104,0,0,0,0,0,0,-2,-2,17,0
122,2,35,834,37,94,4,-28,135,13336,0,0,0,0,0,0,-5,-2,37,0
123,1,35,423,14,-99,-37,-44,203,10680,0,0,0,0,0,0,-3,-2,17,0
123,2,35,834,106,172,17,-65,11,11104,0,0,0,0,0,0,-2,-2,33,0
124,1,35,421,43,-158,21,-92,134,12496,0,0,0,0,0,0,0,-2,17,0
124,2,35,834,-42,-209,25,-103,755,12576,0,0,0,0,0,0,-3,0,35,0
125,1,35,421,17,-248,-36,-149,411,11464,0,0,0,0,0,0,-2,-3,17,0
125,2,35,834,-51,-82,-34,-125,109,10528,0,0,0,0,0,0,-3,-2,35,0
126,1,35,421,61,230,0,-189,100,14448,0,0,0,0,0,0,-3,-2,17,0
126,2,35,834,5,-20,18,-125,129,11192,0,0,0,0,0,0,0,-2,35,0
127,1,35,421,14,144,0,243,407,9048,0,0,0,0,0,0,-2,-3,17,0
127,2,35,834,22,150,-27,-112,283,11792,0,0,0,0,0,0,-3,-3,35,0
128,1,35,421,-69,143,13,223,198,9488,0,0,0,0,0,0,0,-2,17,0
128,2,35,834,44,195,23,-109,445,12216,0,0,0,0,0,0,-4,-4,39,0
129,1,35,421,14,84,15,136,246,12968,0,0,0,0,0,0,-3,-3,17,0
129,2,35,834,56,-134,0,-65,191,11616,0,0,0,0,0,0,-3,-2,35,0
130,1,35,421,73,45,2,88,71,13880,0,0,0,0,0,0,-2,-2,17,0
130,2,35,834,75,-74,11,-42,339,12792,0,0,0,0,0,0,-4,-3,35,0
131,1,35,419,-39,-26,20,17,25,11248,0,0,0,0,0,0,0,-2,17,0
131,2,35,834,23,68,4,51,588,13832,0,0,0,0,0,0,-3,0,37,0
132,1,35,421,110,-26,25,3,327,13232,0,0,0,0,0,0,0,-2,17,0
132,2,35,834,0,154,6,80,134,12656,0,0,0,0,0,0,-2,-2,37,0
133,1,35,421,-33,-8,25,-99,133,8328,0,0,0,0,0,0,-2,0,20,0
133,2,35,834,78,-195,6,185,423,8864,0,0,0,0,0,0,-2,-2,35,0
134,1,35,423,16,-14,-34,-116,79,14344,0,0,0,0,0,0,-3,-2,17,0
134,2,35,834,50,-140,-25,225,513,13224,0,0,0,0,0,0,-2,0,35,0
135,1,35,421,17,-41,3,-187,317,17440,0,0,0,0,0,0,1,-3,20,0
135,2,35,834,-39,-23,6,-185,522,9984,0,0,0,0,0,0,-4,-3,37,0
136,1,35,421,-29,-44,5,-224,247,9184,0,0,0,0,0,0,-3,-2,17,0
136,2,35,834,-36,66,3,-113,35,13768,0,0,0,0,0,0,0,-3,35,0
137,1,35,423,-73,-31,-35,221,10,11696,0,0,0,0,0,0,0,-2,17,0
137,2,35,831,-86,184,-43,2,291,10520,0,0,0,0,0,0,-2,-3,35,0
138,1,35,421,-57,-10,12,177,195,14336,0,0,0,0,0,0,-2,-2,17,0
138,2,35,831,-66,-226,-33,83,296,15776,0,0,0,0,0,0,0,-3,35,0
139,1,35,421,84,-61,9,124,423,9960,0,0,0,0,0,0,-3,-3,17,0
139,2,35,832,16,-157,1,223,84,10152,0,0,0,0,0,0,0,-2,35,0
140,1,35,421,93,-21,14,74,1,9760,0,0,0,0,0,0,-3,-3,17,0
140,2,35,834,8,-55,22,-138,274,11136,0,0,0,0,0,0,-3,-2,35,0
141,1,35,421,46,-15,10,44,227,12888,0,0,0,0,0,0,-2,-3,17,0
141,2,35,834,47,28,-30,-50,169,11184,0,0,0,0,0,0,-2,-2,35,0
142,1,35,423,28,35,9,3,878,10952,0,0,0,0,0,0,-3,-3,17,0
142,2,35,834,-33,99,9,62,594,10336,0,0,0,0,0,0,0,-2,35,0
143,1,35,421,-85,90,21,-10,376,15624,0,0,0,0,0,0,-3,-3,20,0
143,2,35,834,39,96,-26,160,449,10128,0,0,0,0,0,0,-3,-3,35,0
144,1,35,421,38,124,-30,-33,1176,8704,0,0,0,0,0,0,-2,-3,17,0
144,2,35,834,3,114,-33,-209,186,9136,0,0,0,0,0,0,-5,-2,39,0
145,1,35,421,73,158,10,-53,13,13904,0,0,0,0,0,0,-2,-4,17,0
145,2,35,834,47,133,5,-68,112,13712,0,0,0,0,0,0,1,1,35,0
146,1,35,421,20,244,0,-57,497,10792,0,0,0,0,0,0,-2,-2,17,0
146,2,35,836,57,126,-29,73,419,12272,0,0,0,0,0,0,-3,-3,37,0
147,1,35,421,-27,-237,4,-57,362,12232,0,0,0,0,0,0,0,-3,20,0
147,2,35,834,-128,109,2,148,112,10632,0,0,0,0,0,0,-3,-3,35,0
148,1,35,421,27,-183,8,-53,155,13200,0,0,0,0,0,0,-3,-2,17,0
148,2,35,834,-70,118,-30,-250,67,12432,0,0,0,0,0,0,2,0,35,0
149,1,35,423,27,-121,2,-43,38,12144,0,0,0,0,0,0,0,-2,17,0
149,2,35,834,52,110,-39,-177,88,13616,0,0,0,0,0,0,2,-2,35,0
150,1,35,421,76,-20,-41,-16,93,10880,0,0,0,0,0,0,1,0,17,0
150,2,35,834,58,1,-38,-51,651,9144,0,0,0,0,0,0,3,-3,35,0
151,1,35,423,-26,-3,16,-2,296,12224,0,0,0,0,0,0,-2,-3,20,0
151,2,35,834,-85,17,5,-23,35,11936,0,0,0,0,0,0,0,-2,35,0
152,1,35,421,-71,90,-29,44,350,8560,0,0,0,0,0,0,-3,-2,17,0
152,2,35,213,58,13,-39,22,84,10312,0,0,0,0,0,0,-2,-2,8,0
153,1,35,421,-108,118,-25,56,220,11648,0,0,0,0,0,0,0,-2,17,0
153,2,35,11,83,19,15,22,132,8400,0,0,0,0,0,0,0,-2,0,0
154,1,35,423,-58,172,4,102,229,12384,0,0,0,0,0,0,-3,-2,17,0
154,2,35,9,-37,15,-35,23,744,12368,0,0,0,0,0,0,0,-2,0,0
155,1,35,421,-49,-250,15,156,150,10152,0,0,0,0,0,0,-4,0,17,0
155,2,35,9,-25,16,7,4,5,12072,0,0,0,0,0,0,-2,-2,0,0
156,1,35,421,65,-241,4,195,539,12144,0,0,0,0,0,0,-2,-2,17,0
156,2,35,9,-98,15,13,3,447,10664,0,0,0,0,0,0,-2,0,0,0
157,1,35,423,36,-155,9,250,174,10520,0,0,0,0,0,0,-3,-3,17,0
157,2,35,11,-54,22,4,0,281,13528,0,0,0,0,0,0,0,-2,0,0
158,1,35,421,2,-147,-30,-220,251,13464,0,0,0,0,0,0,-2,-2,17,0
158,2,35,9,91,15,6,0,57,13080,0,0,0,0,0,0,-2,-2,0,0
159,1,35,421,-60,-62,10,-157,48,10400,0,0,0,0,0,0,-3,0,17,0
159,2,35,9,42,16,13,22,45,15448,0,0,0,0,0,0,-2,-2,0,0
160,1,35,423,-86,-39,10,-94,102,17616,0,0,0,0,0,0,-2,-3,17,0
160,2,35,9,32,19,-27,21,83,13424,0,0,0,0,0,0,-2,0,0,0
161,1,35,423,26,-18,-33,-44,341,12616,0,0,0,0,0,0,-3,-2,17,0
161,2,35,9,-108,7,-35,21,54,10896,0,0,0,0,0,0,-2,-2,0,0
162,1,35,423,32,54,-27,19,346,10192,0,0,0,0,0,0,-3,-2,17,0
162,2,35,9,8,19,3,22,356,12136,0,0,0,0,0,0,-2,-2,0,0
163,1,35,423,-96,32,0,36,151,10784,0,0,0,0,0,0,1,-2,17,0
163,2,35,11,4,8,7,22,22,10680,0,0,0,0,0,0,0,-2,0,0
164,1,35,423,59,61,6,95,250,8576,0,0,0,0,0,0,-3,0,17,0
164,2,35,9,-82,20,2,0,647,9904,0,0,0,0,0,0,0,-2,0,0
165,1,35,421,50,70,9,159,107,12736,0,0,0,0,0,0,0,0,17,0
165,2,35,9,-45,23,4,0,164,14008,0,0,0,0,0,0,-2,-2,0,0
166,1,35,421,35,44,5,193,47,11608,0,0,0,0,0,0,0,0,17,0
166,2,35,9,-48,13,5,0,433,10736,0,0,0,0,0,0,-2,-2,0,0
167,1,35,423,53,53,5,-230,151,13840,0,0,0,0,0,0,-2,-2,17,0
167,2,35,11,36,16,2,3,453,10632,0,0,0,0,0,0,-2,-2,0,0
168,1,35,421,88,60,3,-219,233,13496,0,0,0,0,0,0,-2,-3,17,0
168,2,35,9,40,21,-39,0,481,11920,0,0,0,0,0,0,0,-2,0,0
169,1,35,423,25,78,-28,-125,171,12072,0,0,0,0,0,0,0,0,17,0
169,2,35,9,-48,15,0,0,107,12256,0,0,0,0,0,0,0,-2,0,0
170,1,35,421,48,63,-27,-115,434,10880,0,0,0,0,0,0,-2,-2,17,0
170,2,35,9,-47,10,-36,1,168,9376,0,0,0,0,0,0,-2,-2,0,0
171,1,35,421,37,68,7,-56,185,11696,0,0,0,0,0,0,-3,-2,17,0
171,2,35,9,-111,15,-25,23,162,9120,0,0,0,0,0,0,0,0,0,0
172,1,35,421,60,42,5,-51,219,13096,0,0,0,0,0,0,-3,-2,17,0
172,2,35,11,-38,13,-28,23,248,12352,0,0,0,0,0,0,-2,-2,0,0
173,1,35,423,44,53,5,-33,74,11040,0,0,0,0,0,0,0,0,17,0
173,2,35,9,-124,23,13,0,189,9624,0,0,0,0,0,0,-2,-2,0,0
174,1,35,423,-35,30,10,4,259,10672,0,0,0,0,0,0,-2,-2,17,0
174,2,35,9,33,0,3,3,492,10104,0,0,0,0,0,0,-2,-2,0,0
175,1,35,421,64,-26,3,31,276,9208,0,0,0,0,0,0,-3,0,17,0
175,2,35,9,-54,14,-34,2,230,14872,0,0,0,0,0,0,0,-2,0,0
176,1,35,423,56,-46,-42,48,67,11928,0,0,0,0,0,0,0,-2,17,0
176,2,35,9,-34,22,14,2,297,9264,0,0,0,0,0,0,0,-2,0,0
177,1,35,421,16,-95,-34,61,35,12456,0,0,0,0,0,0,-2,-3,17,0
177,2,35,9,25,10,-39,2,142,13560,0,0,0,0,0,0,-2,-2,0,0
178,1,35,423,48,-151,-25,76,70,10928,0,0,0,0,0,0,0,-2,17,0
178,2,35,11,23,1,7,22,388,11096,0,0,0,0,0,0,-2,-2,0,0
179,1,35,421,16,-169,-36,77,72,16864,0,0,0,0,0,0,-2,-2,17,0
179,2,35,9,-59,8,1,19,259,7216,0,0,0,0,0,0,-2,-2,0,0
180,1,35,421,-37,-209,9,82,314,11696,0,0,0,0,0,0,-2,-2,17,0
180,2,35,9,12,19,7,19,134,10696,0,0,0,0,0,0,-2,-2,0,0
181,1,35,421,43,-223,0,81,112,14448,0,0,0,0,0,0,-3,0,17,0
181,2,35,11,2,1,11,22,118,8256,0,0,0,0,0,0,0,-2,0,0
182,1,35,423,-141,242,-32,80,150,12152,0,0,0,0,0,0,-2,0,16,0
182,2,35,9,17,7,-29,1,198,10856,0,0,0,0,0,0,-2,-2,0,0
183,1,35,423,-42,156,-32,71,112,13248,0,0,0,0,0,0,-3,-2,17,0
183,2,35,9,27,1,5,0,60,15448,0,0,0,0,0,0,0,-2,0,0
184,1,35,423,49,95,-29,55,483,10280,0,0,0,0,0,0,-2,-2,17,0
184,2,35,11,85,4,1,23,40,12072,0,0,0,0,0,0,0,-2,0,0
185,1,35,421,115,79,-35,46,104,9944,0,0,0,0,0,0,-2,-2,17,0
185,2,35,9,-38,9,-28,2,164,8392,0,0,0,0,0,0,0,-2,0,0
186,1,35,423,100,19,6,19,507,11320,0,0,0,0,0,0,0,-2,17,0
186,2,35,9,13,14,-30,0,111,12712,0,0,0,0,0,0,0,-2,0,0
187,1,35,421,-32,-3,5,-1,116,16976,0,0,0,0,0,0,-2,-2,17,0
187,2,35,9,-55,19,6,0,24,11648,0,0,0,0,0,0,-2,0,0,0
188,1,35,421,38,-87,-32,-45,529,11368,0,0,0,0,0,0,-2,-2,17,0
188,2,35,9,-30,1,-31,2,161,11440,0,0,0,0,0,0,-2,-2,0,0
189,1,35,421,-76,-109,23,-58,398,13784,0,0,0,0,0,0,1,-3,17,0
189,2,35,9,-85,19,-26,1,212,8128,0,0,0,0,0,0,0,-2,0,0
190,1,35,421,25,-195,-40,-111,74,12064,0,0,0,0,0,0,-3,-2,17,0
190,2,35,9,128,1,0,1,788,13128,0,0,0,0,0,0,0,-2,0,0
191,1,35,423,-47,-209,-33,-120,710,12464,0,0,0,0,0,0,-2,0,17,0
191,2,35,9,-85,14,3,4,329,14768,0,0,0,0,0,0,0,0,0,0
192,1,35,421,-47,205,-25,-206,563,10784,0,0,0,0,0,0,1,-2,17,0
192,2,35,11,-155,18,-26,0,148,10576,0,0,0,0,0,0,-2,-2,0,0
193,1,35,421,-54,214,9,-212,405,11800,0,0,0,0,0,0,-2,-3,17,0
193,2,35,9,22,7,8,1,647,11864,0,0,0,0,0,0,-2,-2,0,0
194,1,35,423,-32,182,9,-235,36,10432,0,0,0,0,0,0,0,-2,17,0
194,2,35,9,34,12,23,22,336,15176,0,0,0,0,0,0,-2,-2,0,0
195,1,35,423,-106,111,10,222,605,11480,0,0,0,0,0,0,0,-2,17,0
195,2,35,9,4,22,5,0,25,10416,0,0,0,0,0,0,-2,-2,0,0
196,1,35,423,-63,109,15,196,686,11120,0,0,0,0,0,0,0,-3,17,0
196,2,35,9,6,22,4,22,170,12968,0,0,0,0,0,0,-2,-2,0,0
197,1,35,421,53,90,-30,147,240,11640,0,0,0,0,0,0,-3,-3,17,0
197,2,35,9,0,7,10,4,92,14472,0,0,0,0,0,0,0,-2,0,0
198,1,35,421,30,30,-30,94,236,11592,0,0,0,0,0,0,-2,-2,17,0
198,2,35,9,32,8,0,1,62,8296,0,0,0,0,0,0,-2,0,0,0
199,1,35,423,-113,14,-25,63,346,11128,0,0,0,0,0,0,0,-2,17,0
199,2,35,9,51,1,-39,22,111,11968,0,0,0,0,0,0,0,-2,0,0
200,1,35,421,6,-9,10,4,277,11256,0,0,0,0,0,0,0,-2,17,0
200,2,35,9,36,7,0,0,26,12392,0,0,0,0,0,0,-2,-2,0,0
201,1,35,423,55,-37,11,2,36,10312,0,0,0,0,0,0,-2,-2,17,0
201,2,35,9,64,10,5,23,654,11528,0,0,0,0,0,0,-2,-2,0,0
202,1,35,423,44,-32,0,-55,211,10480,0,0,0,0,0,0,1,-2,17,0
202,2,35,9,34,6,16,2,125,14808,0,0,0,0,0,0,-2,-2,0,0
203,1,35,421,103,-30,5,-116,370,9872,0,0,0,0,0,0,-3,-3,20,0
203,2,35,9,9,3,-25,0,188,11048,0,0,0,0,0,0,-2,-2,0,0
204,1,35,423,22,-43,8,-155,158,8640,0,0,0,0,0,0,-2,-2,17,0
204,2,35,11,3,-1,-44,1,62,10360,0,0,0,0,0,0,-2,-2,0,0
205,1,35,421,-74,-57,6,-231,286,11920,0,0,0,0,0,0,-2,-2,17,0
205,2,35,9,46,0,-36,2,326,9936,0,0,0,0,0,0,-2,-2,0,0
206,1,35,421,-43,-32,1,-239,189,14488,0,0,0,0,0,0,-2,-2,17,0
206,2,35,11,-39,3,0,1,94,10400,0,0,0,0,0,0,0,-2,0,0
207,1,35,421,-27,-40,11,196,86,10136,0,0,0,0,0,0,-2,-2,17,0
207,2,35,9,-91,9,6,19,154,13664,0,0,0,0,0,0,-2,-2,0,0
208,1,35,423,-100,-53,0,170,74,12472,0,0,0,0,0,0,0,-2,17,0
208,2,35,9,-27,20,0,0,414,13480,0,0,0,0,0,0,-2,-2,0,0
209,1,35,423,77,-49,9,99,112,11976,0,0,0,0,0,0,0,-3,17,0
209,2,35,9,42,3,3,0,441,17512,0,0,0,0,0,0,0,-2,0,0
210,1,35,421,6,-28,12,83,135,10528,0,0,0,0,0,0,-2,-3,17,0
210,2,35,9,1,1,24,1,246,10424,0,0,0,0,0,0,0,-2,0,0
211,1,35,423,-28,14,-34,30,543,13656,0,0,0,0,0,0,-2,-2,17,0
211,2,35,9,-85,17,-33,3,245,12256,0,0,0,0,0,0,0,-2,0,0
212,1,35,421,22,34,10,21,293,12616,0,0,0,0,0,0,-2,-4,17,0
212,2,35,9,100,6,9,23,45,11632,0,0,0,0,0,0,0,-2,0,0
213,1,35,421,7,77,15,-7,294,12464,0,0,0,0,0,0,-4,-2,17,0
213,2,35,9,40,2,16,2,140,11648,0,0,0,0,0,0,0,-2,0,0
214,1,35,421,44,88,-26,-26,130,10104,0,0,0,0,0,0,-2,-2,17,0
214,2,35,9,44,8,-35,22,155,10984,0,0,0,0,0,0,-2,0,0,0
215,1,35,421,-64,138,-41,-45,387,12072,0,0,0,0,0,0,0,-3,17,0
215,2,35,9,5,5,-31,0,57,10968,0,0,0,0,0,0,0,-2,0,0
216,1,35,421,69,190,7,-52,281,11176,0,0,0,0,0,0,-4,-2,17,0
216,2,35,9,14,8,28,1,63,10568,0,0,0,0,0,0,0,-2,0,0
217,1,35,421,1,243,-46,-56,250,10088,0,0,0,0,0,0,-2,0,20,0
217,2,35,11,-68,9,-33,22,408,13496,0,0,0,0,0,0,0,-2,0,0
218,1,35,421,-74,-229,11,-55,18,9264,0,0,0,0,0,0,0,-2,17,0
218,2,35,9,-46,21,6,22,64,17368,0,0,0,0,0,0,-2,-2,0,0
219,1,35,423,18,-181,-27,-51,242,13912,0,0,0,0,0,0,-4,-3,17,0
219,2,35,9,-96,13,9,2,222,11688,0,0,0,0,0,0,-2,-2,0,0
220,1,35,421,-38,-93,11,-36,45,14632,0,0,0,0,0,0,-3,-3,17,0
220,2,35,11,-58,12,3,0,221,10728,0,0,0,0,0,0,-2,-2,0,0
221,1,35,423,74,-34,1,-23,15,8384,0,0,0,0,0,0,-2,-2,17,0
221,2,35,9,44,11,4,21,212,10448,0,0,0,0,0,0,-2,-3,0,0
222,1,35,421,64,12,5,8,43,15944,0,0,0,0,0,0,-3,-3,17,0
222,2,35,9,-45,14,15,23,154,13144,0,0,0,0,0,0,0,-2,0,0
223,1,35,421,6,80,9,40,189,13296,0,0,0,0,0,0,-4,-2,17,0
223,2,35,9,23,5,-37,2,388,10080,0,0,0,0,0,0,-2,-2,0,0
224,1,35,421,26,132,14,90,140,9376,0,0,0,0,0,0,-3,-2,17,0
224,2,35,11,-34,4,-28,3,194,9992,0,0,0,0,0,0,-2,-2,0,0
225,1,35,421,-77,193,-27,114,73,10120,0,0,0,0,0,0,0,-2,17,0
225,2,35,9,61,13,-26,16,123,12984,0,0,0,0,0,0,0,-2,0,0
226,1,35,423,46,-248,-26,170,314,14296,0,0,0,0,0,0,-2,-2,17,0
226,2,35,9,13,18,-41,1,94,11008,0,0,0,0,0,0,0,-2,0,0
227,1,35,421,39,-217,12,212,57,9352,0,0,0,0,0,0,-2,-3,17,0
227,2,35,9,56,11,0,23,121,10568,0,0,0,0,0,0,0,-2,0,0
228,1,35,421,32,-131,10,-220,17,14048,0,0,0,0,0,0,0,-2,17,0
228,2,35,9,-46,3,4,1,43,16208,0,0,0,0,0,0,0,-2,0,0
229,1,35,421,-83,-117,11,-203,274,10320,0,0,0,0,0,0,-3,-2,20,0
229,2,35,9,-38,11,-38,22,98,8448,0,0,0,0,0,0,0,-2,0,0
230,1,35,421,-53,-43,0,-112,237,12872,0,0,0,0,0,0,-4,0,17,0
230,2,35,9,58,21,-29,21,677,13464,0,0,0,0,0,0,0,-2,0,0
231,1,35,421,-78,-39,-31,-88,129,10736,0,0,0,0,0,0,0,-2,17,0
231,2,35,9,-42,6,7,22,218,10656,0,0,0,0,0,0,0,-2,0,0
232,1,35,421,56,15,1,-25,425,11328,0,0,0,0,0,0,0,-2,17,0
232,2,35,9,-30,2,2,1,127,10512,0,0,0,0,0,0,0,-2,0,0
233,1,35,423,-58,29,-29,18,226,10336,0,0,0,0,0,0,0,0,17,0
233,2,35,9,58,0,22,0,245,14752,0,0,0,0,0,0,-2,0,0,0
234,1,35,421,-44,54,19,59,576,14032,0,0,0,0,0,0,-2,0,16,0
234,2,35,9,3,4,20,22,151,13768,0,0,0,0,0,0,0,-2,0,0
235,1,35,421,35,55,12,123,51,15264,0,0,0,0,0,0,0,-2,17,0
235,2,35,9,46,9,4,2,54,9000,0,0,0,0,0,0,-2,-2,0,0
236,1,35,423,27,39,-30,187,687,13760,0,0,0,0,0,0,-3,-2,17,0
236,2,35,11,-70,4,8,19,95,11312,0,0,0,0,0,0,0,-2,0,0
237,1,35,423,-25,68,-42,224,266,15712,0,0,0,0,0,0,-3,0,17,0
237,2,35,9,-33,4,-41,20,185,14640,0,0,0,0,0,0,-2,-2,0,0
238,1,35,421,-81,39,16,-236,53,10872,0,0,0,0,0,0,0,0,17,0
238,2,35,9,11,16,3,22,217,12712,0,0,0,0,0,0,0,-2,0,0
239,1,35,381,-46,18,3,6,148,13288,0,0,0,0,0,0,-2,-2,16,0
239,2,35,9,8,0,21,2,57,12936,0,0,0,0,0,0,0,0,0,0
240,1,35,17,-31,5,18,2,419,13728,0,0,0,0,0,0,-2,-2,0,0
240,2,35,11,0,18,8,4,14,13688,0,0,0,0,0,0,0,-2,0,0
241,1,35,11,-42,19,-29,1,188,13864,0,0,0,0,0,0,0,-2,0,0
241,2,35,9,0,8,-39,1,94,11048,0,0,0,0,0,0,-2,-2,0,0
242,1,35,11,-104,5,2,1,319,13248,0,0,0,0,0,0,0,-2,0,0
242,2,35,9,-59,19,12,0,192,12696,0,0,0,0,0,0,0,-2,0,0
243,1,35,9,45,25,5,0,103,14968,0,0,0,0,0,0,0,0,0,0
243,2,35,9,3,5,7,1,115,11920,0,0,0,0,0,0,-2,-2,0,0
244,1,35,9,13,3,-30,2,32,10728,0,0,0,0,0,0,-2,-2,0,0
244,2,35,9,36,6,-35,5,248,10776,0,0,0,0,0,0,-2,-2,0,0
245,1,35,9,-78,10,-30,21,106,11360,0,0,0,0,0,0,-2,-2,0,0
245,2,35,9,-41,3,-26,22,296,10104,0,0,0,0,0,0,0,-2,0,0
246,1,35,9,-66,9,2,3,225,13496,0,0,0,0,0,0,0,-2,0,0
246,2,35,9,-55,7,-33,22,145,10688,0,0,0,0,0,0,-2,-2,0,0
247,1,35,9,91,4,9,0,932,9320,0,0,0,0,0,0,-2,-2,0,0
247,2,35,11,13,2,15,1,79,13400,0,0,0,0,0,0,-2,-2,0,0
248,1,35,9,23,5,27,1,220,9912,0,0,0,0,0,0,-2,-2,0,0
248,2,35,704,-67,-116,1,157,79,7816,0,0,0,0,0,0,1,-3,35,0
249,1,35,9,88,8,6,0,2,9248,0,0,0,0,0,0,-2,-2,0,0
249,2,35,832,15,-95,6,13,105,10520,0,0,0,0,0,0,0,-3,35,0
250,1,35,9,-29,4,7,23,25,13368,0,0,0,0,0,0,-2,-2,0,0
250,2,35,831,52,-89,-32,-10,107,12840,0,0,0,0,0,0,3,-3,31,0
251,1,35,9,62,1,17,0,61,11624,0,0,0,0,0,0,-2,-2,0,0
251,2,35,831,-39,-72,5,-164,134,11440,0,0,0,0,0,0,0,-3,35,0
252,1,35,9,19,19,-33,23,301,11112,0,0,0,0,0,0,0,-2,0,0
252,2,35,831,24,-67,6,-188,146,10464,0,0,0,0,0,0,-2,-2,35,0
253,1,35,9,-95,3,0,2,252,11632,0,0,0,0,0,0,-2,-2,0,0
253,2,35,831,11,-88,3,229,28,13632,0,0,0,0,0,0,0,-2,35,0
254,1,35,9,-88,14,-27,3,184,10088,0,0,0,0,0,0,0,-2,0,0
254,2,35,831,-78,-83,23,171,13,9280,0,0,0,0,0,0,1,-3,35,0
255,1,35,9,-70,1,-26,1,216,14976,0,0,0,0,0,0,0,-2,0,0
255,2,35,831,-28,-30,7,96,176,11704,0,0,0,0,0,0,-2,-2,35,0
256,1,35,9,20,0,10,0,28,11688,0,0,0,0,0,0,0,-2,0,0
256,2,35,831,-42,38,20,27,100,11712,0,0,0,0,0,0,0,-2,31,0
257,1,35,9,15,22,7,21,64,11720,0,0,0,0,0,0,-2,-2,0,0
257,2,35,834,-70,79,-28,-18,29,12480,0,0,0,0,0,0,1,-4,35,0
258,1,35,9,-26,20,7,2,288,6888,0,0,0,0,0,0,-2,-2,0,0
258,2,35,834,39,175,19,-64,504,12416,0,0,0,0,0,0,-3,-4,35,0
259,1,35,9,-99,2,8,22,217,14096,0,0,0,0,0,0,0,-2,0,0
259,2,35,834,-57,236,18,-88,133,12712,0,0,0,0,0,0,0,-3,35,0
260,1,35,9,-80,13,-26,23,257,10160,0,0,0,0,0,0,0,-2,0,0
260,2,35,834,10,-146,6,-112,193,15808,0,0,0,0,0,0,-3,-3,35,0
261,1,35,9,-44,2,9,19,157,11560,0,0,0,0,0,0,-2,-2,0,0
261,2,35,834,-39,-39,11,-130,233,11152,0,0,0,0,0,0,-4,-2,35,0
262,1,35,9,75,13,20,5,208,13120,0,0,0,0,0,0,-2,-2,0,0
262,2,35,834,44,67,1,-118,3,11392,0,0,0,0,0,0,-4,-3,35,0
263,1,35,11,-57,12,0,1,131,10720,0,0,0,0,0,0,0,-2,0,0
263,2,35,834,-48,179,20,-114,384,17744,0,0,0,0,0,0,0,-3,37,0
264,1,35,9,-57,7,-34,1,109,9152,0,0,0,0,0,0,0,-2,0,0
264,2,35,832,-77,-234,4,-83,468,12224,0,0,0,0,0,0,-2,-3,35,0
265,1,35,9,69,7,5,0,35,11552,0,0,0,0,0,0,-2,-2,0,0
265,2,35,834,1,-136,2,-58,781,8648,0,0,0,0,0,0,-3,-3,35,0
266,1,35,9,24,20,-29,0,240,14552,0,0,0,0,0,0,0,-2,0,0
266,2,35,834,23,11,-28,19,407,12800,0,0,0,0,0,0,0,-4,35,0
267,1,35,9,-65,18,5,1,439,12072,0,0,0,0,0,0,0,-2,0,0
267,2,35,834,18,74,2,32,236,12056,0,0,0,0,0,0,-2,-2,35,0
268,1,35,11,31,17,6,1,187,11608,0,0,0,0,0,0,-2,-2,0,0
268,2,35,834,45,232,14,129,281,11144,0,0,0,0,0,0,-4,-2,35,0
269,1,35,9,-31,8,-26,0,582,13568,0,0,0,0,0,0,0,-2,0,0
269,2,35,834,32,-256,0,145,51,9720,0,0,0,0,0,0,-3,-3,33,0
270,1,35,11,-26,11,11,2,494,10816,0,0,0,0,0,0,-2,-2,0,0
270,2,35,834,76,-31,-29,-208,385,12896,0,0,0,0,0,0,-2,-2,35,0
271,1,35,9,-124,3,3,2,532,10256,0,0,0,0,0,0,0,-2,0,0
271,2,35,834,7,3,-26,-187,19,10592,0,0,0,0,0,0,0,-2,35,0
272,1,35,9,0,16,21,19,179,10600,0,0,0,0,0,0,0,-2,0,0
272,2,35,834,86,52,12,-141,651,9648,0,0,0,0,0,0,-2,-2,35,0
273,1,35,9,60,10,0,0,351,8360,0,0,0,0,0,0,-2,-2,0,0
273,2,35,834,66,141,-27,-44,178,11272,0,0,0,0,0,0,-3,0,37,0
274,1,35,9,3,13,1,2,562,13872,0,0,0,0,0,0,0,-2,0,0
274,2,35,836,51,191,-28,6,199,11312,0,0,0,0,0,0,-2,0,35,0
275,1,35,9,-37,13,3,1,306,11840,0,0,0,0,0,0,-2,-2,0,0
275,2,35,834,27,-238,20,100,44,16856,0,0,0,0,0,0,-2,-4,35,0
276,1,35,9,7,9,3,22,609,9872,0,0,0,0,0,0,0,-2,0,0
276,2,35,834,5,-164,12,205,254,15312,0,0,0,0,0,0,0,-4,35,0
277,1,35,9,-73,1,9,23,434,11960,0,0,0,0,0,0,-2,-2,0,0
277,2,35,834,25,-119,12,245,571,15544,0,0,0,0,0,0,-3,-5,37,0
278,1,35,9,10,12,28,23,380,9576,0,0,0,0,0,0,0,-2,0,0
278,2,35,834,6,-68,11,-163,208,9968,0,0,0,0,0,0,-3,-2,35,0
279,1,35,9,89,8,-29,21,577,9008,0,0,0,0,0,0,-2,-2,0,0
279,2,35,834,-60,-30,0,-121,570,9832,0,0,0,0,0,0,2,-3,35,0
280,1,35,9,-68,4,-35,23,118,12208,0,0,0,0,0,0,-2,-2,0,0
280,2,35,834,6,14,-31,-26,326,11376,0,0,0,0,0,0,-2,-3,37,0
281,1,35,9,22,3,25,21,471,10208,0,0,0,0,0,0,-2,-2,0,0
281,2,35,834,30,56,-36,29,10,12464,0,0,0,0,0,0,-3,-2,35,0
282,1,35,9,-72,3,9,0,253,10616,0,0,0,0,0,0,0,-2,0,0
282,2,35,834,54,70,4,70,391,11880,0,0,0,0,0,0,1,-3,35,0
283,1,35,9,8,17,-31,2,708,14688,0,0,0,0,0,0,-2,-2,0,0
283,2,35,834,-37,92,-32,197,314,12176,0,0,0,0,0,0,0,-2,35,0
284,1,35,9,103,19,-33,0,136,10624,0,0,0,0,0,0,-2,-2,0,0
284,2,35,834,10,80,-29,186,171,10544,0,0,0,0,0,0,-2,0,35,0
285,1,35,9,-33,16,2,22,503,11792,0,0,0,0,0,0,0,-2,0,0
285,2,35,834,-66,112,18,-196,197,12592,0,0,0,0,0,0,-2,-2,40,0
286,1,35,9,61,1,21,21,293,11992,0,0,0,0,0,0,0,-2,0,0
286,2,35,834,3,103,4,-162,262,15888,0,0,0,0,0,0,-4,-3,35,0
287,1,35,11,57,2,-29,22,62,10584,0,0,0,0,0,0,-2,-2,0,0
287,2,35,834,51,111,-27,-50,98,16456,0,0,0,0,0,0,-4,0,35,0
288,1,35,9,-29,1,31,18,65,13280,0,0,0,0,0,0,0,-2,0,0
288,2,35,834,-27,117,2,-64,431,8192,0,0,0,0,0,0,-3,0,35,0
289,1,35,11,57,13,3,2,145,13880,0,0,0,0,0,0,-2,-2,0,0
289,2,35,834,1,127,17,52,121,14264,0,0,0,0,0,0,0,-4,35,0
290,1,35,11,36,6,6,20,47,9776,0,0,0,0,0,0,-2,-2,0,0
290,2,35,834,-61,121,13,30,121,12512,0,0,0,0,0,0,-2,-6,35,0
291,1,35,9,88,7,-28,22,427,10936,0,0,0,0,0,0,0,-2,0,0
291,2,35,832,39,127,-33,116,432,9608,0,0,0,0,0,0,1,-2,35,0
292,1,35,11,33,8,9,18,596,10384,0,0,0,0,0,0,0,-2,0,0
292,2,35,831,23,116,4,92,422,12104,0,0,0,0,0,1,1,-2,35,0
293,1,35,9,-90,12,10,1,93,11328,0,0,0,0,0,0,-2,-2,0,0
293,2,35,829,135,105,2,146,144,12368,0,0,0,0,0,1,-2,-2,35,0
294,1,35,9,-31,0,10,21,26,11976,0,0,0,0,0,0,-2,-2,0,0
294,2,35,829,-114,127,-27,200,65,10192,0,0,0,0,0,1,-2,0,35,0
295,1,35,11,-75,0,5,23,37,11352,0,0,0,0,0,0,-2,-2,0,0
295,2,35,829,-31,114,7,204,20,13408,0,0,0,0,0,1,2,-2,35,0
296,1,35,9,59,22,20,21,43,12664,0,0,0,0,0,0,-2,-2,0,0
296,2,35,831,-30,105,2,252,8,17592,0,0,0,0,0,1,2,-2,35,0
297,1,35,9,-28,14,4,3,65,11848,0,0,0,0,0,0,0,-2,0,0
297,2,35,831,106,111,-36,-250,54,12752,0,0,0,0,0,1,-3,-2,35,0
298,1,35,9,-147,18,20,19,366,11432,0,0,0,0,0,0,-2,-2,0,0
298,2,35,829,-119,114,12,-201,192,10704,0,0,0,0,0,1,0,0,35,0
299,1,35,9,3,21,-32,21,174,12728,0,0,0,0,0,0,-2,-2,0,0
299,2,35,834,-35,130,-25,-164,394,12416,0,0,0,0,0,1,-4,-3,35,0
300,1,35,11,-38,14,1,0,216,13600,0,0,0,0,0,0,-2,-2,0,0
300,2,35,832,54,111,8,-164,428,11840,0,0,0,0,0,1,-2,-4,35,0
301,1,35,11,-62,15,3,18,127,10352,0,0,0,0,0,0,-2,-2,0,0
301,2,35,832,27,89,9,-137,407,8368,0,0,0,0,0,1,-4,-2,35,0
302,1,35,9,-148,19,4,1,202,11848,0,0,0,0,0,0,-2,-2,0,0
302,2,35,832,-71,58,9,-97,245,11272,0,0,0,0,0,1,0,0,35,0
303,1,35,9,12,17,8,1,172,13080,0,0,0,0,0,0,0,-2,0,0
303,2,35,832,-38,80,0,-96,218,8848,0,0,0,0,0,1,0,0,35,0
304,1,35,11,17,12,11,2,320,13680,0,0,0,0,0,0,0,-2,0,0
304,2,35,832,61,66,1,-69,349,9904,0,0,0,0,0,1,-4,-4,35,0
305,1,35,9,-103,3,6,22,386,13600,0,0,0,0,0,0,0,-2,0,0
305,2,35,832,-75,56,6,-66,265,11840,0,0,0,0,0,1,-2,-3,33,0
306,1,35,11,13,23,-36,21,191,10032,0,0,0,0,0,0,0,-2,0,0
306,2,35,832,19,-2,-28,-13,475,13776,0,0,0,0,0,1,2,-3,33,0
307,1,35,9,-81,8,-31,0,66,13736,0,0,0,0,0,0,-2,0,0,0
307,2,35,832,-32,5,-31,-29,154,14368,0,0,0,0,0,1,-2,-2,35,0
308,1,35,9,35,3,7,22,134,11064,0,0,0,0,0,0,-2,-2,0,0
308,2,35,832,-50,-55,11,36,208,11072,0,0,0,0,0,1,-2,-2,35,0
309,1,35,9,9,14,4,19,432,10528,0,0,0,0,0,0,0,-2,0,0
309,2,35,832,-55,-31,3,22,108,11768,0,0,0,0,0,1,0,-2,35,0
310,1,35,9,-43,11,11,0,303,7888,0,0,0,0,0,0,0,0,0,0
310,2,35,834,-52,-97,4,60,258,10144,0,0,0,0,0,1,1,-4,35,0
311,1,35,9,-92,18,-32,23,598,12128,0,0,0,0,0,0,0,-2,0,0
311,2,35,834,-56,-66,-29,38,110,14920,0,0,0,0,0,1,0,-2,35,0
312,1,35,9,69,8,-29,22,830,10352,0,0,0,0,0,0,-2,-2,0,0
312,2,35,831,56,-57,26,31,18,16048,0,0,0,0,0,1,0,-3,35,0
313,1,35,9,70,18,2,0,25,11568,0,0,0,0,0,0,-2,-2,0,0
313,2,35,831,134,-87,-29,54,333,9712,0,0,0,0,0,1,-3,-3,35,0
314,1,35,9,98,8,19,22,555,9376,0,0,0,0,0,0,0,-2,0,0
314,2,35,831,-37,-118,-27,70,190,11320,0,0,0,0,0,1,-2,-2,35,0
315,1,35,9,-47,5,20,20,720,11416,0,0,0,0,0,0,0,-2,0,0
315,2,35,831,-136,-115,-29,66,106,13680,0,0,0,0,0,1,-3,-2,35,0
316,1,35,11,50,14,16,0,179,14864,0,0,0,0,0,0,-2,-2,0,0
316,2,35,831,-43,-122,4,75,112,10352,0,0,0,0,0,1,0,-2,35,0
317,1,35,9,-61,1,-25,0,283,9944,0,0,0,0,0,0,0,-2,0,0
317,2,35,831,-25,-131,-29,76,258,12520,0,0,0,0,0,1,-4,-3,35,0
318,1,35,9,-117,19,2,3,309,12104,0,0,0,0,0,0,-2,-2,0,0
318,2,35,834,-85,-170,-42,91,183,12272,0,0,0,0,0,1,-3,-3,35,0
319,1,35,11,-27,8,7,1,17,14096,0,0,0,0,0,0,0,-2,0,0
319,2,35,834,-53,-187,9,99,472,13880,0,0,0,0,0,1,-2,-3,35,0
320,1,35,9,46,22,8,23,169,11272,0,0,0,0,0,0,-2,-2,0,0
320,2,35,834,-27,-176,-31,94,45,11872,0,0,0,0,0,1,1,-2,35,0
321,1,35,9,16,23,0,0,154,15200,0,0,0,0,0,0,-2,-2,0,0
321,2,35,832,62,-220,-27,111,87,13648,0,0,0,0,0,1,-2,-3,35,0
322,1,35,9,20,19,0,21,434,9976,0,0,0,0,0,0,-2,-2,0,0
322,2,35,832,-47,-146,-28,89,215,12576,0,0,0,0,0,1,0,1,35,0
323,1,35,9,2,5,5,22,473,11440,0,0,0,0,0,0,0,0,0,0
323,2,35,831,45,-207,3,105,23,10592,0,0,0,0,0,1,6,-2,35,0
324,1,35,9,86,23,31,23,2,13592,0,0,0,0,0,0,0,-2,0,0
324,2,35,832,19,-156,8,94,85,15240,0,0,0,0,0,1,2,0,35,0
325,1,35,9,100,4,12,22,51,11880,0,0,0,0,0,0,-2,-2,0,0
325,2,35,831,76,-208,7,109,105,7752,0,0,0,0,0,1,1,-2,35,0
326,1,35,9,12,23,12,20,111,14192,0,0,0,0,0,0,0,-2,0,0
326,2,35,831,-47,-142,3,79,147,9568,0,0,0,0,0,1,3,1,31,0
327,1,35,11,-64,15,-30,23,189,13664,0,0,0,0,0,0,-2,-2,0,0
327,2,35,831,42,-176,6,98,352,13472,0,0,0,0,0,1,-4,-3,35,0
328,1,35,9,17,12,-28,19,62,10488,0,0,0,0,0,0,0,-2,0,0
328,2,35,831,2,-117,5,68,256,10648,0,0,0,0,0,1,0,-3,35,0
329,1,35,9,-92,7,-49,21,60,13192,0,0,0,0,0,0,-2,-2,0,0
329,2,35,831,-127,-126,-30,70,204,9408,0,0,0,0,0,1,-2,0,35,0
330,1,35,9,-52,16,28,0,168,11552,0,0,0,0,0,0,0,-2,0,0
330,2,35,831,-76,-75,-27,51,125,12960,0,0,0,0,0,1,0,-4,35,0
331,1,35,11,50,17,0,22,203,10168,0,0,0,0,0,0,0,-2,0,0
331,2,35,834,-43,-127,11,78,277,14080,0,0,0,0,0,1,-2,-3,35,0
332,1,35,9,74,11,16,2,260,10408,0,0,0,0,0,0,0,-2,0,0
332,2,35,834,-143,-61,7,43,574,16584,0,0,0,0,0,1,0,-2,35,0
333,1,35,9,18,11,-38,22,250,9576,0,0,0,0,0,0,-2,-2,0,0
333,2,35,832,53,-45,4,42,54,11848,0,0,0,0,0,1,2,0,35,0
334,1,35,9,8,7,6,22,32,9792,0,0,0,0,0,0,-2,-2,0,0
334,2,35,832,27,-49,-27,42,161,12320,0,0,0,0,0,1,-2,-2,35,0
335,1,35,11,-33,21,5,23,206,9648,0,0,0,0,0,0,-2,-2,0,0
335,2,35,834,15,-30,6,26,236,10176,0,0,0,0,0,1,1,0,35,0
336,1,35,9,-29,0,9,20,89,14016,0,0,0,0,0,0,-2,-2,0,0
336,2,35,832,19,-48,-33,33,622,9288,0,0,0,0,0,1,0,-2,35,0
337,1,35,9,-26,13,-29,19,27,13472,0,0,0,0,0,0,0,-2,0,0
337,2,35,834,63,-16,7,10,40,14648,0,0,0,0,0,1,1,0,35,0
338,1,35,9,-30,17,-28,23,814,8840,0,0,0,0,0,0,0,-2,0,0
338,2,35,832,-25,-16,5,9,214,11616,0,0,0,0,0,1,-3,0,35,0
339,1,35,9,-43,19,11,23,148,15680,0,0,0,0,0,0,0,-2,0,0
339,2,35,834,61,-2,10,4,104,15008,0,0,0,0,0,1,-3,-2,35,0
340,1,35,9,-72,29,5,0,124,11728,0,0,0,0,0,0,-2,-2,0,0
340,2,35,832,-109,-29,20,7,410,9400,0,0,0,0,0,1,-2,-3,39,0
341,1,35,9,44,7,-26,2,147,10160,0,0,0,0,0,0,-2,-2,0,0
341,2,35,834,-58,-5,-29,-12,363,10328,0,0,0,0,0,1,-2,-2,35,0
342,1,35,9,-34,18,6,23,17,12920,0,0,0,0,0,0,0,-2,0,0
342,2,35,834,-97,-8,16,-17,228,11592,0,0,0,0,0,1,-4,1,35,0
343,1,35,9,36,15,22,0,70,12672,0,0,0,0,0,0,0,-2,0,0
343,2,35,832,-26,31,7,-40,80,15224,0,0,0,0,0,1,1,0,35,0
344,1,35,9,18,15,-25,23,73,16016,0,0,0,0,0,0,0,-2,0,0
344,2,35,832,-64,10,7,-12,421,12920,0,0,0,0,0,1,0,-2,35,0
345,1,35,9,-36,0,-28,20,443,9832,0,0,0,0,0,0,0,-2,0,0
345,2,35,832,16,70,-26,-66,69,14328,0,0,0,0,0,1,1,-2,39,0
346,1,35,9,-42,2,3,0,209,9808,0,0,0,0,0,0,0,-2,0,0
346,2,35,832,54,-7,14,-16,15,15368,0,0,0,0,0,1,0,-3,35,0
347,1,35,11,6,2,3,2,37,13264,0,0,0,0,0,0,0,-2,0,0
347,2,35,832,22,65,1,-93,109,12416,0,0,0,0,0,1,0,-2,35,0
348,1,35,11,1,6,26,0,71,12216,0,0,0,0,0,0,-2,-2,0,0
348,2,35,832,19,11,-36,-35,215,11336,0,0,0,0,0,1,-3,-3,35,0
349,1,35,9,-51,13,-25,0,24,10408,0,0,0,0,0,0,-2,-2,0,0
349,2,35,834,-30,97,4,-94,277,10000,0,0,0,0,0,1,-3,-2,35,0
350,1,35,11,-66,21,-28,2,177,10736,0,0,0,0,0,0,-2,0,0,0
350,2,35,834,11,94,3,-131,82,13360,0,0,0,0,0,1,1,1,35,0
351,1,35,9,63,22,21,0,227,11432,0,0,0,0,0,0,-2,-2,0,0
351,2,35,832,58,97,1,-119,122,8192,0,0,0,0,0,1,1,-3,35,0
352,1,35,9,88,8,-45,0,167,12688,0,0,0,0,0,0,-2,-2,0,0
352,2,35,832,-92,104,-44,-147,68,13400,0,0,0,0,0,1,0,0,35,0
353,1,35,11,2,23,4,22,407,8360,0,0,0,0,0,0,0,-2,0,0
353,2,35,831,-28,111,10,-152,399,14144,0,0,0,0,0,1,0,-2,35,0
354,1,35,9,81,14,4,23,125,11496,0,0,0,0,0,0,0,-2,0,0
354,2,35,831,56,129,-29,-158,92,13440,0,0,0,0,0,1,1,-2,35,0
355,1,35,11,19,4,14,20,128,12776,0,0,0,0,0,0,0,-2,0,0
355,2,35,831,43,108,13,-191,361,11864,0,0,0,0,0,1,0,-4,35,0
356,1,35,11,-111,12,16,23,298,12888,0,0,0,0,0,0,-2,-2,0,0
356,2,35,831,-95,127,7,-181,113,17048,0,0,0,0,0,1,-2,-3,35,0
357,1,35,11,-33,10,-26,20,125,13384,0,0,0,0,0,0,-2,-2,0,0
357,2,35,831,-69,124,7,-207,96,13600,0,0,0,0,0,1,-2,-3,35,0
358,1,35,9,118,4,13,0,171,12536,0,0,0,0,0,0,0,-2,0,0
358,2,35,831,-42,125,6,-197,210,15184,0,0,0,0,0,1,-5,-2,35,0
359,1,35,9,-36,20,-25,23,160,13224,0,0,0,0,0,0,-2,-2,0,0
359,2,35,831,98,106,8,-197,169,11120,0,0,0,0,0,1,-5,-2,35,0
360,1,35,9,-86,14,1,21,465,14616,0,0,0,0,0,0,-2,-2,0,0
360,2,35,829,8,103,-32,-225,158,10528,0,0,0,0,0,1,2,-2,35,0
361,1,35,9,-62,7,17,0,229,13360,0,0,0,0,0,0,-2,-2,0,0
361,2,35,829,74,112,4,-182,99,9192,0,0,0,0,0,1,1,-2,35,0
362,1,35,9,72,6,8,0,125,12776,0,0,0,0,0,0,-2,-2,0,0
362,2,35,831,147,109,2,-216,70,11888,0,0,0,0,0,1,-2,-2,35,0
363,1,35,9,-31,20,4,22,560,9688,0,0,0,0,0,0,-2,-2,0,0
363,2,35,831,-26,128,9,-193,123,8112,0,0,0,0,0,1,0,0,40,0
364,1,35,9,-34,20,15,23,66,14832,0,0,0,0,0,0,-2,-2,0,0
364,2,35,829,77,109,11,-224,172,10264,0,0,0,0,0,1,0,-2,35,0
365,1,35,11,55,0,18,19,192,12480,0,0,0,0,0,0,0,-2,0,0
365,2,35,831,-50,127,1,-174,289,8008,0,0,0,0,0,1,-6,-2,35,0
366,1,35,9,-38,16,-33,21,155,12792,0,0,0,0,0,0,-2,-2,0,0
366,2,35,831,-50,107,13,-240,5,11992,0,0,0,0,0,1,-3,-2,35,0
367,1,35,9,40,3,7,1,294,8728,0,0,0,0,0,0,-2,0,0,0
367,2,35,832,-67,106,1,-184,131,10184,0,0,0,0,0,1,-3,1,31,0
368,1,35,9,65,8,24,21,150,13592,0,0,0,0,0,0,-2,-2,0,0
368,2,35,834,107,121,16,-236,40,11680,0,0,0,0,0,1,0,-2,35,0
369,1,35,9,-111,5,3,0,27,11816,0,0,0,0,0,0,-2,-2,0,0
369,2,35,834,-32,122,1,-230,33,8320,0,0,0,0,0,1,-3,-3,35,0
370,1,35,9,38,23,4,23,212,8168,0,0,0,0,0,0,0,-2,0,0
370,2,35,832,24,125,-30,-254,166,14792,0,0,0,0,0,1,-2,1,35,0
371,1,35,11,11,4,-30,1,55,12360,0,0,0,0,0,0,0,-2,0,0
371,2,35,834,40,100,3,-238,538,16432,0,0,0,0,0,1,1,-2,35,0
372,1,35,9,-28,17,2,3,172,8224,0,0,0,0,0,0,-2,-2,0,0
372,2,35,832,-107,117,0,-221,29,16024,0,0,0,0,0,1,-3,-3,35,0
373,1,35,11,13,17,17,19,301,11952,0,0,0,0,0,0,-2,-2,0,0
373,2,35,834,28,102,10,-244,601,11776,0,0,0,0,0,1,2,0,35,0
374,1,35,9,-34,11,7,0,511,13376,0,0,0,0,0,0,0,-2,0,0
374,2,35,834,4,108,-33,-236,234,10888,0,0,0,0,0,1,1,-2,35,0
375,1,35,9,-36,13,-27,1,87,13568,0,0,0,0,0,0,-2,-2,0,0
375,2,35,832,1,140,-44,-254,583,9992,0,0,0,0,0,1,0,0,35,0
376,1,35,9,-52,14,-40,20,56,11832,0,0,0,0,0,0,0,-2,0,0
376,2,35,832,-70,110,3,-239,132,14984,0,0,0,0,0,1,-3,1,40,0
377,1,35,9,-68,0,17,22,186,11912,0,0,0,0,0,0,0,-2,0,0
377,2,35,834,92,114,8,-225,31,16336,0,0,0,0,0,1,1,2,35,0
378,1,35,9,31,5,11,21,220,13024,0,0,0,0,0,0,-2,-2,0,0
378,2,35,834,30,108,13,-250,409,12456,0,0,0,0,0,1,-2,-4,35,0
379,1,35,11,-37,0,0,20,218,11440,0,0,0,0,0,0,0,-2,0,0
379,2,35,832,-37,105,9,-241,379,13080,0,0,0,0,0,1,1,-2,35,0
380,1,35,9,15,9,8,21,117,10376,0,0,0,0,0,0,-2,-2,0,0
380,2,35,832,-41,122,-26,-231,539,15208,0,0,0,0,0,1,-3,-2,35,0
381,1,35,9,-56,16,2,0,294,15064,0,0,0,0,0,0,-2,-2,0,0
381,2,35,832,-50,130,16,-249,504,12168,0,0,0,0,0,1,3,-3,35,0
382,1,35,9,-82,10,-37,23,355,12440,0,0,0,0,0,0,-2,-2,0,0
382,2,35,832,-38,104,-41,-245,15,7104,0,0,0,0,0,1,0,-3,35,0
383,1,35,11,-73,21,15,22,36,9896,0,0,0,0,0,0,-2,-2,0,0
383,2,35,834,65,138,10,236,238,10032,0,0,0,0,0,1,0,-3,35,0
384,1,35,9,46,18,7,0,970,10240,0,0,0,0,0,0,-2,-2,0,0
384,2,35,832,-78,135,13,-234,38,11992,0,0,0,0,0,1,1,-3,33,0
385,1,35,9,-42,9,10,23,20,11672,0,0,0,0,0,0,-2,-2,0,0
385,2,35,832,-117,126,0,213,108,10896,0,0,0,0,0,1,2,-2,35,0
386,1,35,11,-128,10,11,21,624,13160,0,0,0,0,0,0,0,-2,0,0
386,2,35,832,-37,116,11,-223,349,11968,0,0,0,0,0,1,-2,-2,35,0
387,1,35,11,-141,6,17,23,548,12600,0,0,0,0,0,0,-2,-2,0,0
387,2,35,832,17,126,4,222,21,13520,0,0,0,0,0,1,0,-2,35,0
388,1,35,9,-56,33,12,23,234,9648,0,0,0,0,0,0,-2,-2,0,0
388,2,35,832,-146,133,16,-252,75,12832,0,0,0,0,0,1,2,-2,35,0
389,1,35,9,-97,1,-25,23,132,12872,0,0,0,0,0,0,0,-2,0,0
389,2,35,834,6,118,10,181,29,10056,0,0,0,0,0,1,-3,-3,35,0
390,1,35,9,87,2,12,1,448,9048,0,0,0,0,0,0,-2,-2,0,0
390,2,35,832,57,128,-37,142,84,11376,0,0,0,0,0,1,-2,0,35,0
391,1,35,9,-107,13,7,23,108,14560,0,0,0,0,0,0,-2,-2,0,0
391,2,35,834,-43,115,21,133,165,12424,0,0,0,0,0,1,3,-4,35,0
392,1,35,9,-62,16,9,21,45,8120,0,0,0,0,0,0,-2,-2,0,0
392,2,35,201,0,20,2,1,218,10128,0,0,0,0,0,1,0,-2,8,0
393,1,35,9,-43,0,4,19,257,13064,0,0,0,0,0,0,0,-2,0,0
393,2,35,11,-39,2,-28,0,603,11848,0,0,0,0,0,1,-2,-2,0,0
394,1,35,9,9,-5,21,23,97,14568,0,0,0,0,0,0,0,-2,0,0
394,2,35,9,55,6,1,0,738,10768,0,0,0,0,0,1,0,-2,0,0
395,1,35,9,34,9,-37,22,123,9920,0,0,0,0,0,0,-2,-2,0,0
395,2,35,9,-37,22,2,2,102,12000,0,0,0,0,0,1,-2,-2,0,0
396,1,35,9,-69,8,7,0,119,10224,0,0,0,0,0,0,-2,-2,0,0
396,2,35,9,29,20,0,2,231,13336,0,0,0,0,0,1,-2,-2,0,0
397,1,35,9,-109,0,9,23,59,12032,0,0,0,0,0,0,-2,-2,0,0
397,2,35,9,-38,0,-33,2,128,9304,0,0,0,0,0,1,0,-2,0,0
398,1,35,11,4,12,-33,2,287,9744,0,0,0,0,0,0,-2,-2,0,0
398,2,35,9,37,14,-39,2,102,11976,0,0,0,0,0,1,-2,-2,0,0
399,1,35,9,0,5,-31,1,205,10568,0,0,0,0,0,0,-2,-2,0,0
399,2,35,9,97,20,-45,2,734,13400,0,0,0,0,0,1,0,-2,0,0
400,1,35,9,-60,0,13,22,66,12616,0,0,0,0,0,0,0,-2,0,0
400,2,35,9,43,15,0,3,156,9784,0,0,0,0,0,1,-2,0,0,0
401,1,35,9,10,13,-30,1,195,12672,0,0,0,0,0,0,0,-2,0,0
401,2,35,9,54,5,-31,1,724,11504,0,0,0,0,0,1,0,-2,0,0
402,1,35,11,26,13,1,3,241,16632,0,0,0,0,0,0,-2,-2,0,0
402,2,35,9,32,-1,17,2,153,13944,0,0,0,0,0,1,-2,-2,0,0
403,1,35,9,15,7,5,4,271,10784,0,0,0,0,0,0,0,-2,0,0
403,2,35,9,27,13,-35,0,167,11360,0,0,0,0,0,1,-2,-2,0,0
404,1,35,9,56,1,4,1,196,11688,0,0,0,0,0,0,-2,-2,0,0
404,2,35,9,32,2,12,1,256,12184,0,0,0,0,0,1,-2,-2,0,0
405,1,35,11,-25,19,-26,0,566,15448,0,0,0,0,0,0,0,-2,0,0
405,2,35,9,-64,4,-30,0,31,16448,0,0,0,0,0,1,-2,-2,0,0
406,1,35,9,-58,3,0,0,67,11488,0,0,0,0,0,0,-2,-2,0,0
406,2,35,9,1,18,4,23,378,11312,0,0,0,0,0,1,-2,-2,0,0
407,1,35,9,23,7,9,1,161,10184,0,0,0,0,0,0,-2,-2,0,0
407,2,35,9,-65,20,6,20,52,14288,0,0,0,0,0,1,0,-2,0,0
408,1,35,9,3,4,22,23,51,15184,0,0,0,0,0,0,0,-2,0,0
408,2,35,9,17,3,2,1,508,11824,0,0,0,0,0,1,0,-2,0,0
